patient_id,member_id,test_source,test_name,result_name,result,result_comments,patient_address,patient_city,patient_state,patient_zip,patient_phone,created_date,test_date
290d92c0-abb7-472d-bcd5-72b1d77ca1d2,6c65e9e0-9296-4b29-a3d2-d637fffa6e94,Lab B,Thyroid Panel,RBC,10.17,Normal,1689 Michael Branch,New Regina,WV,47716,+1-100-299-6029x0612,3/31/2025 23:00,3/31/2025
6b085db5-d6f1-41c3-bf3e-b97c984e4756,76efe9c7-705d-4c6a-a28f-6099a02125c7,Lab B,Glucose,LDL,14.54,Normal,556 Shelton Lodge,South Carlos,IN,21181,+1-304-197-2278x406,3/31/2025 3:00,3/31/2025
250ecfac-9e6a-49b7-bdd1-8ffb0e864da4,f5f70bc8-3475-49cd-b589-b82a4dce0fca,Lab B,HbA1c,RBC,11.6,Low,8590 West Summit Suite 947,New Rita,TX,18424,690.621.1670,3/30/2025 18:00,3/30/2025
2a25b67c-2264-4be9-9582-6f2839a0d464,d0d70a51-b853-4f78-8004-1a1eeee44545,Lab B,Lipid Panel,RBC,6.71,Normal,795 Tracy Burg,North Dominic,AL,31978,926.242.1986,3/30/2025 14:00,3/30/2025
ae970467-d911-4870-930b-6f250ce3a27b,bb9abbd9-2f33-472f-8f11-9cd5131cc4fd,Lab B,Thyroid Panel,RBC,12.74,Borderline,38151 Jill Forge Apt. 170,Dodsonton,AR,43096,3726446057,3/30/2025 11:00,3/30/2025
bedd6c5c-a9ea-4bf4-a659-80956a836fc7,48ec73af-4816-4812-825e-22a06a6dccd8,Lab B,HbA1c,HbA1c,9.78,High,8817 Gregory Parkway Suite 363,Port Lori,NY,04883,761-642-6636,3/30/2025 21:00,3/30/2025
62b5bb70-4ea2-42a0-b320-8ee1695a51eb,fd0a1aa9-ad83-447b-9fdf-5e48265d8c44,Lab B,CBC,TSH,4.79,Low,3338 Gonzales Forges,New Cherylport,ID,88087,852-956-2444,3/23/2025 3:00,3/23/2025
c0369777-0eb0-414f-9073-537929e2ccb7,5c01e74f-d96f-4a17-bfcb-c2d83ad8fcdd,Lab B,Thyroid Panel,RBC,4.52,Low,9273 Randy Pass,Bergbury,GA,46960,+1-442-273-5094x668,3/23/2025 11:00,3/23/2025
cddb26fc-74ef-4dd8-815d-59a8242a4edd,a3baeec2-3748-44b0-a68c-98f065862361,Lab B,CBC,RBC,10.99,High,74569 Evan Streets Suite 228,Castilloland,MS,11003,132.279.3284x19858,3/23/2025 11:00,3/23/2025
0ca65d61-8068-41aa-b4bd-97107ec144a1,319a53dc-51ab-4916-a9cd-c7deb5574b88,Lab B,Lipid Panel,WBC,12.47,Normal,82890 Price Burgs Suite 426,North Yolanda,MS,95576,1264947310,3/16/2025 15:00,3/16/2025
79046af5-53ba-4cb0-bb73-cb659d2f3a3b,cba14cdb-eca0-4efd-8cbd-bd1c80c4d41f,Lab B,Lipid Panel,WBC,8.08,Borderline,6601 Marcus Meadow,North Stephaniechester,NY,78109,167.333.0573x080,3/9/2025 22:00,3/9/2025
d4faecb4-d6f4-4c7d-a225-9f2aa0141aad,c0d8693b-c81e-4f5f-9439-707a8ef9655f,Lab B,Lipid Panel,RBC,14.92,Borderline,4070 Ashley Divide Suite 882,North Davidton,FL,06445,001-586-330-3964x9445,3/9/2025 15:00,3/9/2025
9e7a2397-2514-4e52-9426-1fe985dfc680,79bd4e7d-c86b-4a01-9027-b39cc070c38a,Lab B,Lipid Panel,WBC,5,High,717 Natalie Rue,New Aaron,IN,51601,001-979-665-5861x3126,3/2/2025 17:00,3/2/2025
b67bd42b-c0dc-4d0a-b1bc-5bfb157bf651,8b1475e4-2461-4eae-b4f2-91dceeb8aea1,Lab B,HbA1c,WBC,7.03,Low,8489 Gregory Mills Suite 739,Parsonsstad,WA,20192,001-631-293-4100,3/2/2025 8:00,3/2/2025
80eb407d-2dbd-4012-a6c2-07a47a2bfe40,cb928795-97bc-400d-96d1-bb56b41b0b8a,Lab B,Thyroid Panel,RBC,8.9,Low,9883 Holmes Forges,Lisafort,KY,21201,(393)011-3474,3/2/2025 0:00,3/2/2025
512436ba-4d16-4701-8425-0d4c1423f54d,cb93714f-e38f-41b6-8114-1213efdfc64f,Lab B,HbA1c,TSH,9.65,High,84444 Thomas Stravenue,West Lindaview,AZ,66884,949-778-6598,3/2/2025 7:00,3/2/2025
0fca06cc-32b7-42be-bbea-b1b97ea8edb0,1d87b3bd-f92c-4c18-a471-ff16a323bc99,Lab B,HbA1c,WBC,12.57,Borderline,4866 Pittman Field Apt. 609,West Laurenview,AL,62801,001-266-663-6517x189,3/9/2025 12:00,3/9/2025
a3c960c3-df1c-43c3-ba82-d252cf0d95d7,7c3a3687-5d40-4a9f-9291-9bff34d3427d,Lab B,Lipid Panel,WBC,7.28,Low,490 Justin Camp Apt. 593,West Tanya,KY,83824,(737)873-3960x23677,3/9/2025 0:00,3/9/2025
ebb36446-cd5f-4bac-b3e1-401d8d5a08d6,2e1e35e7-417c-4f2c-92c1-b8132b00142c,Lab B,CBC,RBC,10.25,Borderline,157 Elizabeth Pines,South Saramouth,UT,08393,001-681-286-0286x9205,3/9/2025 5:00,3/9/2025
a7271359-ac80-4c8f-a3de-a15d9d49e3dd,80c13217-1ff9-43c6-adbe-67e95fb44aaa,Lab B,Thyroid Panel,LDL,6.13,Normal,52632 Alexis Brooks Suite 507,Bradleyborough,KY,82000,801.271.2844x29230,3/9/2025 12:00,3/9/2025
a5b5b462-40bf-4b90-9cc7-ae356b1912f1,98447596-a840-4fdf-b69f-7240d3675dd0,Lab B,Glucose,WBC,11,Borderline,17180 Sheri Isle Apt. 450,Kaylastad,NJ,60940,(067)660-8693x9059,3/16/2025 5:00,3/16/2025
8d8902f1-157f-4639-8241-9d1cb713ad6e,c359e3ba-32d4-413c-afd9-00722c93f1b6,Lab B,HbA1c,TSH,3.92,High,3015 Morrison Plains,Barbarachester,MS,39922,(312)221-9028,3/23/2025 9:00,3/23/2025
b8622b42-012b-4636-9401-e9918013843e,47b93cde-0727-4e99-8b1d-b2608a64d494,Lab B,Thyroid Panel,RBC,7.06,High,48665 Daniel Cape Apt. 114,West Sharon,TX,61587,-2579,3/23/2025 18:00,3/23/2025
1d6a8f4d-5f6e-49ca-8fb7-ba79e799b20c,e9ad6e3f-50bd-4820-9153-fba8c508cfd6,Lab B,Lipid Panel,HbA1c,11.27,High,05514 Diana Lodge Suite 953,Port Kathryn,TX,76825,384.708.6976,3/30/2025 22:00,3/30/2025
f1976155-6687-4783-b4ba-d6b095a064a6,cf1bfab4-c709-4b83-a64b-f78989516cc6,Lab B,Lipid Panel,RBC,11.28,Normal,692 Angela Street Suite 627,West Jennifer,OH,91812,3182452626,3/30/2025 0:00,3/30/2025
61e76c5d-07f7-4fb9-821e-891f90fd5f61,fa74e84e-61eb-4127-950c-09831f1c7a45,Lab B,Thyroid Panel,TSH,10.11,Low,2630 Jacqueline Rest,Moralesbury,PA,13951,+1-853-018-9593x855,3/30/2025 13:00,3/30/2025
,,,,,,,,,,,,,
,,,,,,,,,,,,,
,,,,,,,,,,,,,
,,,,,,,,,,,,,
,,,,,,,,,,,,,
,,,,,,,,,,,,,
,,,,,,,,,,,,,
,,,,,,,,,,,,,
,,,,,,,,,,,,,
,,,,,,,,,,,,,
,,,,,,,,,,,,,
,,,,,,,,,,,,,
,,,,,,,,,,,,,
,,,,,,,,,,,,,
,,,,,,,,,,,,,
,,,,,,,,,,,,,
,,,,,,,,,,,,,
,,,,,,,,,,,,,
,,,,,,,,,,,,,
,,,,,,,,,,,,,
,,,,,,,,,,,,,
,,,,,,,,,,,,,
,,,,,,,,,,,,,
,,,,,,,,,,,,,
,,,,,,,,,,,,,
,,,,,,,,,,,,,
,,,,,,,,,,,,,
,,,,,,,,,,,,,
,,,,,,,,,,,,,
